year,borough,zip,complaints,pop,complaints_norm,median_income,pct_below_poverty,pct_white,pct_black_or_african_american,pct_american_indian_or_alaska_native,pct_asian,pct_native_hawaiian_and_other_pacific_islande,pct_hispanic_or_latino
2020,MANHATTAN,10001,289,25026,1154.799009,96787,11.64450455,63.45400783,6.469271957,0.043954288,20.78238632,0.251738192,15.68368896
2020,MANHATTAN,10002,1067,74363,1434.853354,35607,28.8635691,31.70124928,8.935895539,0.958810161,41.87566397,0,25.75877789
2020,MANHATTAN,10003,824,54671,1507.1976,129981,7.623817474,73.07530501,5.046551188,0.20486181,15.0792925,0.126209508,8.655411461
2020,MANHATTAN,10004,8,3310,241.6918429,204949,2.469813392,68.24773414,4.833836858,0,20.36253776,0.362537764,5.83081571
2020,MANHATTAN,10005,3,8664,34.62603878,184681,6.194880619,73.01477378,2.008310249,0,17.47460757,0,6.105724838
2020,MANHATTAN,10006,6,3260,184.0490798,185268,6.791827719,70.27607362,4.785276074,0,17.20858896,0,8.803680982
2020,MANHATTAN,10007,11,7566,145.3872588,250001,2.755102041,76.44726408,8.234205657,0,11.65741475,0,14.67089611
2020,MANHATTAN,10009,1052,58267,1805.481662,68220,23.16732525,59.30629687,7.862083169,0.137298986,15.01536032,0.010297424,23.12801414
2020,MANHATTAN,10010,369,34763,1061.473406,139188,9.6127038,68.08100567,10.95992866,0,15.04760809,0,9.02683888
2020,MANHATTAN,10011,441,50228,877.9963367,136208,9.348392702,77.67380744,4.585091981,0.051763956,8.913355101,0.01393645,13.68758461
2020,MANHATTAN,10012,315,23034,1367.543631,110490,11.50787339,74.52027438,2.66128332,0,17.28314665,0,8.313796996
2020,MANHATTAN,10013,337,28657,1175.977946,130675,10.50919148,61.88365844,3.280175873,0.104686464,28.31768852,0,6.647590467
2020,MANHATTAN,10014,417,29071,1434.419181,136154,5.910496528,87.61308521,1.664889409,0.044718104,4.234460459,0,8.272849231
2020,MANHATTAN,10016,585,52912,1105.609314,124647,7.226340286,69.90096764,3.333837315,0.156864227,18.45895071,0.058587844,12.6738736
2020,MANHATTAN,10017,279,16065,1736.694678,130417,5.244471495,72.97230003,2.720199191,0.024898848,20.16806723,0,4.270152505
2020,MANHATTAN,10018,97,8135,1192.378611,136360,9.187688035,57.68899816,3.81069453,0.184388445,30.63306699,0,14.64044253
2020,MANHATTAN,10019,870,45521,1911.205817,101651,12.42867593,66.18044419,5.388721689,0.577755322,18.66391336,0.07688759,17.59847104
2020,MANHATTAN,10021,203,42253,480.4392588,130968,7.552979533,83.2674603,0.281636807,0.882777554,11.16607105,0.286370199,5.123896528
2020,MANHATTAN,10022,242,31574,766.453411,138661,5.990988485,83.48324571,1.377715842,0.148856654,10.82219548,0,9.720022804
2020,MANHATTAN,10023,418,62228,671.72334,137347,7.802783536,77.68689336,4.461014334,0.062672752,11.20556663,0,8.489747381
2020,MANHATTAN,10024,697,60714,1148.005402,137126,8.013864818,83.20156801,2.920249036,0.270118918,6.764502421,0,10.7965214
2020,MANHATTAN,10025,1888,92162,2048.566654,99067,15.35035334,64.10993685,10.58353768,0.061847616,9.969401706,0.009765413,23.72669864
2020,MANHATTAN,10026,1263,38937,3243.701364,64716,20.39447989,25.60803349,52.16118345,0.254256876,6.192053831,0,19.53668747
2020,MANHATTAN,10027,2145,64728,3313.86726,57010,22.14390602,30.08126313,39.28593499,0.607156099,8.515634656,0.009269559,25.12513904
2020,MANHATTAN,10028,432,47962,900.7130645,131013,6.034275647,84.31883574,1.765981402,0,10.40406989,0,7.397523039
2020,MANHATTAN,10029,1655,74617,2217.993219,33801,32.29156741,31.07602825,31.36014581,0.735757267,10.91172253,0.167522146,44.8570701
2020,MANHATTAN,10030,1308,30996,4219.899342,45555,24.53772334,17.46031746,59.82062202,0.1419538,3.700477481,0.009678668,27.62937153
2020,MANHATTAN,10031,2918,60280,4840.743198,55721,22.94287152,29.84903782,28.65129396,0.578964831,3.916721964,0.059721301,49.68480425
2020,MANHATTAN,10032,3004,59527,5046.44951,53690,20.72063812,27.31869572,18.14806726,0.628286324,4.27033111,0.149511986,65.60720345
2020,MANHATTAN,10033,3476,58648,5926.885827,66902,16.25780893,39.99795389,8.726640295,2.295048424,2.506479334,0,66.51207202
2020,MANHATTAN,10034,2897,41933,6908.639973,63556,17.3449981,35.17277562,13.91982448,0.205089071,2.997639091,0.193165287,69.74936208
2020,MANHATTAN,10035,1128,36999,3048.731047,28408,36.5807327,20.92759264,39.0767318,0.443255223,3.678477797,0.013513879,45.40663261
2020,MANHATTAN,10036,398,28231,1409.79774,97720,14.04484716,62.36406787,6.829371967,0.173568063,19.58485353,0.04604867,17.67914704
2020,MANHATTAN,10037,690,19177,3598.060176,50686,22.15984485,12.19690254,67.58617093,0.422380977,3.978724514,0.04171664,23.09016009
2020,MANHATTAN,10038,80,24205,330.5102252,95640,20.08333333,51.01012188,10.39454658,0.276802314,28.81636026,0,10.86965503
2020,MANHATTAN,10039,1206,27090,4451.827243,41363,24.26457789,14.59579181,59.9963086,0.280546327,1.952750092,0,33.4477667
2020,MANHATTAN,10040,2230,45197,4933.955794,53199,21.72670807,33.06414143,8.971834414,0.896077173,2.860809346,0,69.52895104
2020,MANHATTAN,10044,26,12770,203.6021926,112658,7.489597781,46.58574785,12.38841034,0,32.38841034,0,9.373531715
2020,MANHATTAN,10065,327,32270,1013.32507,115519,6.047873695,80.99146313,2.096311678,0.0263687,14.47641649,0,7.861168793
2020,MANHATTAN,10069,3,6504,46.12546125,130556,18.02962009,47.83210332,4.843173432,0,28.95141451,0,16.83579336
2020,MANHATTAN,10075,206,26121,788.6374947,102941,8.472049689,83.10831747,2.022929485,1.513877208,6.267982825,0.234606702,16.42246912
2020,MANHATTAN,10128,310,57993,534.5472729,117926,7.879318473,75.99020571,4.559170934,0.041384305,9.249392168,0,14.7224665
2020,MANHATTAN,10162,1,1240,80.64516129,96555,0,93.70967742,0,0,3.629032258,0,23.79032258
2020,MANHATTAN,10280,4,9372,42.68032437,170385,4.973474801,76.06700811,0.58685446,1.387110542,18.24583867,0,11.54502774
2020,MANHATTAN,10282,1,6086,16.43115347,250001,3.521408563,76.73348669,2.283930332,0,16.39829116,0,10.49950707
2020,STATEN ISLAND,10301,463,38001,1218.38899,70065,17.40633209,57.70111313,21.84153049,0.065787742,7.918212679,0.015789058,24.86250362
2020,STATEN ISLAND,10302,70,17942,390.1460261,72394,15.73052491,51.53829005,25.54899119,0.908482889,6.749526251,0.100323264,37.81629696
2020,STATEN ISLAND,10303,165,27164,607.4215874,70315,19.61130742,42.23972905,32.83021646,0.209836548,7.624061258,0,39.95361508
2020,STATEN ISLAND,10304,379,42133,899.532433,64394,19.46677385,51.79313127,28.31747087,0.099684333,9.643272494,0.066456222,22.64733107
2020,STATEN ISLAND,10305,105,42968,244.3679017,77136,10.53384485,68.58126978,6.723608267,0.137311488,17.23142804,0.037237014,14.34555949
2020,STATEN ISLAND,10306,116,54318,213.5572002,83309,10.43442956,79.2702235,3.450053389,0.230126293,8.645384587,0,17.42332192
2020,STATEN ISLAND,10307,15,15053,99.64791072,108808,5.623520126,91.90194646,0.112934299,0,4.590447087,0,8.89523683
2020,STATEN ISLAND,10308,14,28901,48.44123041,110478,4.616886286,91.27019826,1.602020691,0.083042109,5.356216048,0,9.31455659
2020,STATEN ISLAND,10309,23,33896,67.85461411,102730,10.38297872,93.69542129,0.590040123,0.377625679,2.377861695,0,8.756195421
2020,STATEN ISLAND,10310,98,24168,405.4948692,86895,14.76146578,57.16236346,22.99321417,0.537901357,6.214829527,0,30.82588547
2020,STATEN ISLAND,10312,42,61114,68.72402396,96785,7.362486379,88.13528815,0.965408908,0.160356056,6.854403246,0.073632883,12.03324934
2020,STATEN ISLAND,10314,163,89938,181.2359626,90306,9.600484648,70.92775023,3.669194334,0.331339367,18.25146212,0.031132558,15.20380707
2020,BRONX,10451,2124,49423,4297.594238,32598,33.75846557,16.31224329,40.79072497,0.607004836,1.298990349,0.841713372,58.27044089
2020,BRONX,10452,4424,74379,5947.915406,31351,37.36397957,14.90743355,32.12465884,0.623831996,1.437233628,0.293093481,69.85304992
2020,BRONX,10453,4187,78858,5309.543737,31778,36.38553337,11.39516599,32.56613153,0.692383778,2.243272718,0.308148824,68.92515661
2020,BRONX,10454,875,37807,2314.386225,23337,45.93678627,16.56836036,34.81894887,0.677123284,0.285661385,0.116380564,66.01687518
2020,BRONX,10455,1818,40300,4511.166253,29439,36.05153109,15.50124069,31.61042184,0.851116625,0.853598015,0.17617866,73.2382134
2020,BRONX,10456,3404,90479,3762.198963,31645,37.42885306,12.27798716,47.1943766,1.095281778,0.664242531,0.16136341,58.36050354
2020,BRONX,10457,6797,74679,9101.621607,32378,35.84021699,19.19147284,45.59380817,0.368242746,0.717738588,0.046867259,66.41090534
2020,BRONX,10458,4701,85893,5473.08861,37886,32.73297335,15.23057758,18.94217224,0.298045242,2.602074674,0.047733808,71.80329014
2020,BRONX,10459,1900,48391,3926.349941,31896,32.90538164,12.33907131,35.23382447,0.549688992,0.272777996,0.084726499,67.64480999
2020,BRONX,10460,2585,57514,4494.557847,28831,37.2303582,17.48269986,34.38119414,0.525089543,1.825642452,0.212122266,67.18885836
2020,BRONX,10461,1280,51081,2505.824083,60802,14.93567618,47.76531391,9.242183982,0.532487618,12.9069517,0.123333529,47.36203285
2020,BRONX,10462,4453,75441,5902.625893,57266,17.10085918,20.74601344,27.15499529,1.174427698,15.63208335,0.023859705,46.46942644
2020,BRONX,10463,2462,70236,3505.324905,60397,16.43947101,45.91092887,17.20627598,0.719004499,3.409932228,0.075459878,52.1570135
2020,BRONX,10464,47,4322,1087.459509,101935,6.189967983,70.12956964,0.485886164,0,1.827857473,0,36.81166127
2020,BRONX,10465,215,45066,477.0780633,74889,16.62945044,55.8114765,13.19620113,0.022189677,4.287045666,0.017751742,46.93782452
2020,BRONX,10466,1960,74519,2630.201694,58405,20.8524931,10.46847113,70.17941733,0.986325635,2.740240744,0.021471034,24.98825803
2020,BRONX,10467,5006,100867,4962.971041,40639,25.3334394,24.1783735,34.151903,0.546263892,5.468587348,0.068406912,52.22520745
2020,BRONX,10468,4723,78778,5995.328645,37777,30.38228629,15.24918124,24.49287872,1.146259108,1.991672802,0.168828861,77.79456193
2020,BRONX,10469,1094,72550,1507.925569,67190,15.92239797,16.83942109,56.97450034,0.107512061,6.463128877,0.006891799,28.05237767
2020,BRONX,10470,522,15500,3367.741935,64643,11.05643045,41.98709677,38.2516129,0.051612903,4.929032258,0,19.53548387
2020,BRONX,10471,307,22577,1359.790938,93657,8.354372275,66.09381229,9.810869469,0.239181468,5.611905922,0,25.06533198
2020,BRONX,10472,2279,67989,3352.012826,36038,31.74024571,11.62393917,25.71445381,1.350218418,8.798482107,0.064716351,63.11903396
2020,BRONX,10473,1411,59627,2366.377648,47856,24.18869644,29.06233753,37.86539655,0.667482852,1.730759555,0,62.27044795
2020,BRONX,10474,494,11579,4266.344244,28419,42.01369082,13.84402798,42.60298817,0.431816219,0.21590811,0,62.81198722
2020,BRONX,10475,77,43791,175.8352173,53819,11.66032274,14.33399557,63.56785641,0.904295403,2.468543765,0,29.96962846
2020,QUEENS,11001,1,26883,3.719822936,101634,3.423794801,63.62745837,5.45173687,0.546303971,21.42641851,0,13.57847939
2020,QUEENS,11004,12,15297,78.44675427,97845,8.423460899,32.67961038,4.915996601,0.40530823,47.60410538,0.294175328,12.09387462
2020,QUEENS,11040,1,40782,2.452062184,101434,4.121425294,48.60438793,0.876622595,0.688774896,39.49618284,0.168581268,13.0722732
2020,QUEENS,11101,323,32537,992.7159849,89525,16.26647047,40.95030273,13.73513231,0.553216338,26.52672342,0.039954513,21.83667824
2020,QUEENS,11102,407,28359,1435.170493,81462,13.63425926,58.03448641,7.708311294,0.705243485,16.46038295,0.133996262,25.6779153
2020,QUEENS,11103,481,35419,1358.028177,81677,9.868378812,66.50950055,2.947570513,0.25692425,14.27482425,0,24.13676275
2020,QUEENS,11104,584,25037,2332.547829,75772,9.20131194,59.47597556,1.677517274,0.459320206,24.61556896,0,27.84678676
2020,QUEENS,11105,355,37452,947.879953,86516,9.074243813,73.02947773,2.723486062,0.192246075,10.2878351,0,22.37263698
2020,QUEENS,11106,613,37094,1652.558365,71865,12.77172312,54.8525368,7.580740821,0.183318057,17.87081469,0.024262684,27.57319243
2020,QUEENS,11109,0,6127,0,169425,1.188332733,57.67912518,1.485229313,0,35.4822915,0,7.213970948
2020,BROOKLYN,11201,298,64798,459.8907374,139697,10.59052696,63.41708077,12.31056514,0.320997562,13.32448532,0.063273558,11.34911571
2020,BROOKLYN,11203,2020,77589,2603.461831,57707,14.80392492,4.362731831,86.49035301,0.162394154,1.965484798,0,6.83602057
2020,BROOKLYN,11204,735,75840,969.1455696,54984,18.81802721,55.45094937,1.065400844,0.613132911,33.1592827,0.014504219,11.92246835
2020,BROOKLYN,11205,395,47866,825.220407,62952,23.99427856,52.64488363,28.55680441,0.501399741,6.158860151,0.010445828,16.44382234
2020,BROOKLYN,11206,722,87599,824.210322,43065,31.10292483,46.22427197,22.48655807,0.953207228,6.425872441,0.213472757,37.64769004
2020,BROOKLYN,11207,1561,90867,1717.895386,42276,29.05615995,13.75857022,63.7162006,0.303740632,1.539612841,0.133161654,32.55747411
2020,BROOKLYN,11208,1381,102626,1345.662892,45946,25.26478119,23.25336659,52.76050903,0.206575332,6.694210044,0.063336776,39.88365521
2020,BROOKLYN,11209,2368,68368,3463.608706,79524,11.24854382,70.84600983,4.161303534,0.140416569,13.07775568,0.084835011,17.79048678
2020,BROOKLYN,11210,1272,62423,2037.710459,70776,11.48231202,31.80878843,56.45355077,0.038447367,3.795075533,0,7.599762908
2020,BROOKLYN,11211,843,104561,806.2279435,90871,17.58653634,71.19289219,6.280544371,0.334732835,6.351316456,0.030604145,23.94296152
2020,BROOKLYN,11212,2166,74037,2925.564245,29385,35.35424744,8.641625133,77.35996866,0.072936505,0.914407661,0.071585829,17.98290044
2020,BROOKLYN,11213,2290,67382,3398.533733,48318,21.70830648,25.18476745,64.16105191,0.126146449,2.070285833,0.023745214,11.74200825
2020,BROOKLYN,11214,1540,90372,1704.067632,57639,17.4385976,46.83972912,2.01389811,0.234585934,36.94839109,0.00442615,17.67693533
2020,BROOKLYN,11215,525,69995,750.0535753,144330,6.756286132,74.17958426,4.068862062,0.227159083,9.127794842,0,15.76112579
2020,BROOKLYN,11216,1534,59567,2575.251398,77343,15.2652206,32.11173972,50.99635704,0.221599208,4.858394749,0.043648329,12.28028942
2020,BROOKLYN,11217,304,42461,715.9511081,122598,13.19589843,57.00289678,19.5190881,0.091848991,9.2013848,0.058877558,15.61197334
2020,BROOKLYN,11218,1270,73280,1733.078603,78249,14.21943773,59.18122271,9.151200873,0.420305677,19.74072052,0,14.50600437
2020,BROOKLYN,11219,685,87812,780.0756161,41907,30.26266181,65.7074204,1.474741493,0.354165718,24.27572541,0.051245843,12.39238373
2020,BROOKLYN,11220,1436,90657,1583.992411,55119,23.42274408,30.5723772,3.173500116,0.489758099,41.27756268,0,40.25943943
2020,BROOKLYN,11221,1542,85582,1801.780748,65548,21.5411135,25.48433082,44.13895445,0.473230352,4.117688299,0.05141268,33.81201655
2020,BROOKLYN,11222,371,36710,1010.623808,96435,10.69617078,79.94279488,3.426859166,0.185235631,5.295559793,0,15.23290656
2020,BROOKLYN,11223,703,80500,873.2919255,56908,20.56371576,55.4621118,5.327950311,0.111801242,25.00621118,0.223602484,13.4
2020,BROOKLYN,11224,270,45587,592.2741132,35776,31.18513906,54.92574638,20.62430079,0.057033803,7.388071161,0.015355255,20.30403404
2020,BROOKLYN,11225,3403,56072,6068.982736,65200,13.73619556,29.84912256,59.81238408,0.310315309,2.621629334,0,9.95149094
2020,BROOKLYN,11226,5480,96332,5688.660051,60896,15.28959795,15.71544243,66.57808413,0.741186729,2.933604617,0,15.94485737
2020,BROOKLYN,11228,177,43878,403.3912211,76278,11.26478382,53.63280004,1.374265008,0.077487579,37.0413419,0.054697115,12.13136424
2020,BROOKLYN,11229,820,81909,1001.110989,66332,16.00373002,63.61449902,6.421760734,0.330854973,22.8863739,0.108657168,9.747402605
2020,BROOKLYN,11230,1805,87188,2070.239024,57770,20.63095924,69.00490893,7.205119971,0.255769143,14.26113685,0.044730926,11.41212093
2020,BROOKLYN,11231,490,37796,1296.433485,108525,17.06886775,66.76897026,14.74230077,0.362472219,5.810138639,0.69584083,16.07048365
2020,BROOKLYN,11232,550,26501,2075.393381,74072,15.30886303,43.74174559,7.550658466,1.335798649,15.8975133,0.06037508,51.70370929
2020,BROOKLYN,11233,1923,79796,2409.895233,48278,25.6797963,13.08837536,73.7618427,0.132838739,2.283322472,0.026317109,15.6398817
2020,BROOKLYN,11234,440,90372,486.8764662,84116,8.601483228,38.81511973,45.28061789,0.337493914,7.44146417,0,10.83853406
2020,BROOKLYN,11235,1294,76921,1682.245421,56308,19.53403915,73.43378271,2.193159215,0.070201895,13.12255431,0,8.603632298
2020,BROOKLYN,11236,713,98821,721.5065624,74015,12.66682345,5.409781322,85.76314751,0.087026037,2.662389573,0.008095445,7.563169772
2020,BROOKLYN,11237,866,46772,1851.535106,57375,22.19985043,35.52125203,12.41554776,1.274266655,5.678611135,0.096211409,60.04874711
2020,BROOKLYN,11238,1333,55102,2419.14994,100568,12.18802814,53.68226199,29.57968858,0.185111248,5.965300715,0.016333345,10.33174839
2020,BROOKLYN,11239,137,12832,1067.643392,29571,31.29522966,25.33509975,59.47630923,2.860037406,3.592581047,0,18.60193267
2020,BROOKLYN,11249,349,42421,822.7057354,105222,19.44216052,,,,,,
2020,QUEENS,11354,664,52351,1268.361636,45838,19.85582898,18.75990908,3.125059693,0.204389601,64.99207274,0.106970258,14.2919906
2020,QUEENS,11355,1317,81358,1618.771356,45527,23.91809162,12.36018585,2.721305833,0.501487254,72.22153937,0.055311094,15.65426879
2020,QUEENS,11356,92,24178,380.5112085,64324,8.821127144,30.09347341,1.898420051,0.239887501,29.51029862,0.223343535,43.29969394
2020,QUEENS,11357,58,40118,144.5735082,82858,7.903304011,64.96335809,0.680492547,0,24.75945959,0.017448527,17.33635774
2020,QUEENS,11358,208,36665,567.2985136,70777,10.40780005,38.5926633,1.279149052,0.430928679,47.17032592,0,17.9299059
2020,QUEENS,11360,16,18892,84.69193309,84356,6.620040998,60.52297269,1.243912767,0.598136777,32.42113064,0,10.94643235
2020,QUEENS,11361,111,28531,389.0505065,86545,8.321606154,45.627563,4.759735025,0.315446357,42.05951421,0,12.06407066
2020,QUEENS,11362,13,18694,69.54102921,92212,4.86509157,45.07328555,2.62651118,0,45.97196962,0,10.17973681
2020,QUEENS,11363,27,6834,395.0834065,111094,9.355883411,54.71173544,1.931518876,0,34.06496927,0,12.58413813
2020,QUEENS,11364,145,35866,404.2826075,87135,7.381477818,38.12803212,3.844867005,0.708191602,48.444209,0,15.86181899
2020,QUEENS,11365,110,43730,251.5435628,70102,11.7373583,30.69517494,8.950377315,0.057168992,45.9295678,0.027441116,19.94283101
2020,QUEENS,11366,120,14109,850.5209441,91795,9.237926451,37.47962294,5.833156141,0,47.40236728,0,11.15599972
2020,QUEENS,11367,222,40141,553.050497,64332,15.50610194,52.95333948,7.167235495,0.440945667,28.11589148,0,18.11364939
2020,QUEENS,11368,964,108661,887.1628275,56904,17.6969783,31.3663596,9.689769098,0.918452803,13.31388447,0.010123227,74.940411
2020,QUEENS,11369,221,30693,720.0338839,61860,11.76040142,25.87886489,16.70087642,0.4170332,14.63851693,0.019548431,59.25455316
2020,QUEENS,11370,89,29366,303.0715794,67582,9.298013245,42.72968739,14.89477627,1.33147177,23.3705646,0,36.39923721
2020,QUEENS,11372,861,63107,1364.349438,61239,12.96871068,49.6299935,2.658976025,0.367629582,21.41442312,0.289983679,54.26973236
2020,QUEENS,11373,2316,96495,2400.124359,56835,13.01871701,15.68060521,1.76382196,0.678791647,49.6885849,0.027980724,41.76693093
2020,QUEENS,11374,468,43173,1084.01084,75266,12.78617937,49.19046626,4.359205985,0.088017974,32.62224075,0,18.2915248
2020,QUEENS,11375,871,72615,1199.476692,88117,8.957519456,58.00592164,3.254148592,0.145975349,28.56434621,0.012394133,15.23927563
2020,QUEENS,11377,1288,82021,1570.32955,59910,9.942723332,42.89998903,2.995574304,0.252374392,36.62110923,0,39.04609795
2020,QUEENS,11378,104,39033,266.4412164,82326,8.597811748,65.22685932,1.52947506,0.240821869,12.32546819,0.071734174,33.70993774
2020,QUEENS,11379,68,37780,179.9894124,89700,7.396209719,74.96294336,0.997882478,0.312334569,11.52991001,0,21.13022763
2020,QUEENS,11385,1664,105025,1584.38467,77044,10.7898508,74.48893121,2.716496072,0.307545822,6.03475363,0,46.69364437
2020,QUEENS,11411,53,20473,258.877546,104269,6.016496846,4.542568261,91.00278415,0.068382748,0.395643042,0,6.486592097
2020,QUEENS,11412,233,37987,613.3677311,85235,9.121591616,2.487693158,86.34269619,1.029299497,2.42188117,0.234290678,6.415352621
2020,QUEENS,11413,184,41810,440.0861038,91836,6.491255711,2.248265965,90.16264052,0.308538627,1.162401339,0.17699115,6.175556087
2020,QUEENS,11414,122,27672,440.8788667,75599,12.02749141,77.71754842,4.199190517,0,5.131540908,0,21.51272044
2020,QUEENS,11415,363,18464,1965.987868,75476,10.17964072,60.73440208,5.193890815,1.370233969,16.7190208,0.032495667,24.17136049
2020,QUEENS,11416,175,26087,670.8322153,73471,13.17316777,27.1016215,5.416490973,0.153333078,32.00061333,0.04983325,46.06125656
2020,QUEENS,11417,217,31156,696.4950571,79210,13.06402611,31.35190653,8.264860701,0.343433047,30.67787906,0.009628964,37.14854282
2020,QUEENS,11418,354,37666,939.8396432,73856,11.23555556,39.3033505,8.073594223,0.939839643,23.40837891,0,43.4025381
2020,QUEENS,11419,373,47955,777.8125326,79589,11.33872129,8.478782192,13.60025023,0.563027839,38.42143676,0.091752685,18.46939839
2020,QUEENS,11420,158,47266,334.2783396,85190,10.60420181,14.48398426,25.33745187,1.57195447,31.71624423,0.239072483,24.29865019
2020,QUEENS,11421,226,39654,569.9298936,77738,8.856512141,35.38356786,5.724517073,0.373228426,19.45579261,0,58.42033591
2020,QUEENS,11422,136,32786,414.8111999,93397,6.732991659,7.411700116,83.93216617,0.338559141,2.467516623,0,8.805587751
2020,QUEENS,11423,322,29532,1090.342679,70990,12.4618825,12.75565488,38.00284437,0.680617635,29.83881891,0,13.62928349
2020,QUEENS,11426,12,20222,59.34131144,102770,7.157626849,34.25477203,6.028088221,0.380773415,42.96805459,0,19.66669963
2020,QUEENS,11427,233,25096,928.4348103,81688,7.501613944,23.7049729,21.72457762,1.406598661,33.18855595,0,20.72043354
2020,QUEENS,11428,74,19830,373.1719617,77466,9.606273485,17.56429652,19.60665658,0.358043369,29.43015633,0.19667171,24.07463439
2020,QUEENS,11429,84,27808,302.0713464,82532,13.67724207,4.175057537,71.48662255,0.812715765,3.833429229,0.097094361,14.34838895
2020,QUEENS,11432,1109,64282,1725.21079,66270,12.27780734,17.50101117,17.93970318,0.619146884,42.54068013,0.26601537,30
2020,QUEENS,11433,239,36929,647.1878469,62453,14.77240732,4.996073547,61.76175905,0.257250399,12.87605947,0.021663192,20.81764724
2020,QUEENS,11434,502,62590,802.0450551,65845,10.9623431,4.245087075,83.22895031,0.247643394,3.286467487,0,14.43851715
2020,QUEENS,11435,473,59392,796.403556,69873,14.38632833,17.69598599,26.08095366,0.547211746,22.03158675,0,9.44240294
2020,QUEENS,11436,121,18955,638.3539963,72962,9.133915575,4.858876286,60.98654709,0.226853073,8.92112899,0,30.80549569
2020,QUEENS,11691,910,68454,1329.359862,52605,23.09691443,34.25365939,46.19160312,0.268793642,4.9273965,0.0292167,14.17040359
2020,QUEENS,11692,287,22394,1281.593284,53077,18.38552916,20.8359382,56.17129588,0.634098419,5.559524873,0,25.10047334
2020,QUEENS,11693,42,13029,322.3578172,52946,15.85412668,59.35988948,21.59029856,0,4.13692532,0,28.49796608
2020,QUEENS,11694,257,21258,1208.956628,87755,9.716197794,80.1815787,5.804873459,1.166619626,2.098033681,0,19.35741838
2021,MANHATTAN,10001,330,26966,1223.763257,101409,11.97365655,62.90513981,7.850626715,0.14833494,16.78780687,0.185418675,18.44174145
2021,MANHATTAN,10002,1277,76807,1662.608877,37093,28.28684112,32.14160168,8.401577981,0.812425951,39.43390576,0.024737329,25.91821058
2021,MANHATTAN,10003,1400,54447,2571.307877,137533,8.752630952,70.67607031,5.18485867,0.271823976,16.73186769,0.082649182,8.040847062
2021,MANHATTAN,10004,10,4795,208.5505735,216017,2.69758637,57.51824818,3.378519291,0,33.22210636,0,4.233576642
2021,MANHATTAN,10005,7,8637,81.04665972,197188,2.446675031,75.21130022,1.701979854,0,13.66215121,0,6.819497511
2021,MANHATTAN,10006,11,3894,282.4858757,200536,3.314917127,64.86902928,6.54853621,0,22.98407807,0,5.701078582
2021,MANHATTAN,10007,16,8194,195.2648279,250001,4.4978435,75.33561142,8.982182084,0,12.98511106,0,11.22772761
2021,MANHATTAN,10009,1256,60000,2093.333333,77551,23.18155541,58.20666667,7.628333333,0.183333333,13.325,0.005,24.47166667
2021,MANHATTAN,10010,428,33193,1289.428494,131635,10.08823348,69.14710933,8.893441388,0.144608803,14.92784623,0,10.0714006
2021,MANHATTAN,10011,589,51867,1135.596815,139343,9.308055575,75.03615015,4.476834982,0.123392523,9.35855168,0,13.71006613
2021,MANHATTAN,10012,528,22269,2371.009026,117581,11.28385155,71.11230859,3.619381203,0,18.5504513,0,8.873321658
2021,MANHATTAN,10013,326,29563,1102.729764,137572,10.54807848,58.19436458,3.382606637,0.091330379,30.98467679,0,7.92544735
2021,MANHATTAN,10014,522,29815,1750.796579,136559,7.226463104,85.5508972,1.807814858,0.090558444,4.618480631,0,8.817709207
2021,MANHATTAN,10016,661,56758,1164.593537,136431,7.889755936,67.76665844,4.358856901,0.042284788,17.72437366,0.038761056,11.96483315
2021,MANHATTAN,10017,190,15514,1224.700271,136112,7.148136416,74.41665592,2.745906923,0.032228954,17.80327446,0.257831636,4.692535774
2021,MANHATTAN,10018,182,8063,2257.224358,130457,8.577728776,55.98412502,5.07255364,0.111620985,30.17487288,0,12.82401091
2021,MANHATTAN,10019,745,43989,1693.605219,105538,12.43419308,64.89122281,6.056059469,0.556957421,18.75241538,0.106844893,17.52710905
2021,MANHATTAN,10021,324,42484,762.6400527,136060,5.804241742,84.76132191,0.303643725,0.047076546,9.264664344,0.308351379,5.736277187
2021,MANHATTAN,10022,384,33303,1153.049275,156255,7.25921067,83.18169534,1.351229619,0.09608744,10.30838063,0,9.41957181
2021,MANHATTAN,10023,437,65891,663.2165243,136109,9.069898534,73.42429163,4.716880909,0.013658922,12.64360838,0,8.385060175
2021,MANHATTAN,10024,1198,63916,1874.335065,153177,8.308736217,81.65404594,2.869391076,0.242505789,5.613617873,0,11.64966519
2021,MANHATTAN,10025,2515,96918,2594.977197,103440,14.0760056,61.30336986,11.50250727,0.093893807,10.10441817,0,22.48705091
2021,MANHATTAN,10026,1763,39401,4474.505723,65038,18.11893042,25.62371513,51.48600289,0.167508439,5.989695693,0,19.34722469
2021,MANHATTAN,10027,3121,65840,4740.279465,58435,21.6092732,29.96202916,37.15826245,0.592345079,8.658869988,0.001518834,25.7746051
2021,MANHATTAN,10028,527,47793,1102.671939,149789,4.905203711,86.62565648,1.330738811,0,7.599439248,0,7.557592116
2021,MANHATTAN,10029,1640,77661,2111.742058,33901,33.05777616,27.50544031,30.40135976,0.898778022,10.73383037,0.047642961,45.80033736
2021,MANHATTAN,10030,1597,31611,5052.038847,42834,27.465487,16.65875803,57.91654804,0.069596027,3.501945525,0.006326912,28.75897631
2021,MANHATTAN,10031,3767,61801,6095.370625,57180,23.5551623,26.4008673,28.22446239,0.54529862,4.38180612,0.088995324,50.7338069
2021,MANHATTAN,10032,3675,60529,6071.469874,55059,20.27870122,23.35574683,17.81625337,0.498934395,4.855523799,0.07764873,64.50957392
2021,MANHATTAN,10033,3395,60739,5589.489455,71630,16.15618308,36.37531076,8.240175176,2.382324371,2.942096511,0,66.58324964
2021,MANHATTAN,10034,3171,43365,7312.348668,63851,17.4586056,32.00737922,12.7729736,1.471232561,2.75798455,0.221376686,70.95122795
2021,MANHATTAN,10035,1122,37042,3028.994115,32555,35.67247387,20.91949679,40.43788132,0.27806274,3.712002592,0.0917877,43.98520598
2021,MANHATTAN,10036,569,30437,1869.435227,98177,12.82395957,59.60180044,7.517166606,0.18070112,16.80848967,0.098564247,19.71613497
2021,MANHATTAN,10037,950,19374,4903.478889,48782,24.19875025,11.49994838,68.86548983,0.278724063,3.623412821,0,18.82419738
2021,MANHATTAN,10038,137,23356,586.5730433,99924,19.12521441,49.46908717,10.68247988,0.235485528,28.42096249,0,9.697722213
2021,MANHATTAN,10039,1433,27234,5261.805097,50164,21.44588745,15.48432107,56.52493207,0.653594771,2.302269222,0,33.45817728
2021,MANHATTAN,10040,2563,45771,5599.615477,54700,19.93091746,30.1173232,6.650499224,1.190710275,2.318061655,0.010923947,70.78281008
2021,MANHATTAN,10044,32,12155,263.2661456,115294,6.064306064,43.34018922,13.00699301,0,32.8589058,0,10.67050596
2021,MANHATTAN,10065,366,31270,1170.450911,152335,6.448609732,79.78573713,2.069075791,0.035177486,13.76399105,0,8.23153182
2021,MANHATTAN,10069,5,5774,86.5950814,183178,16.86156167,49.74021476,3.100103914,0,32.31728438,0,4.416349151
2021,MANHATTAN,10075,265,23391,1132.914369,131372,12.82407786,86.0202642,1.808387841,1.107263477,7.092471463,0.260784062,8.007353256
2021,MANHATTAN,10128,607,58147,1043.905962,127919,9.008210964,73.36577983,5.133540853,0.058472492,9.864653379,0.022357129,12.97229436
2021,MANHATTAN,10162,0,2268,0,99300,0,97.1340388,0,0,2.865961199,0,18.25396825
2021,MANHATTAN,10280,14,8582,163.132137,178148,2.875475285,72.23257982,1.608016779,0.827312981,21.09065486,0,12.7010021
2021,MANHATTAN,10282,7,6419,109.0512541,250001,2.208446339,74.37295529,1.931765072,0,15.46969933,0,4.315313912
2021,STATEN ISLAND,10301,632,38736,1631.557208,78053,14.44646352,58.96065675,20.06402313,0.351094589,7.483994217,0.010326311,26.06877323
2021,STATEN ISLAND,10302,183,18144,1008.597884,73927,19.11738431,45.09479718,24.52050265,1.471560847,5.89175485,0.104717813,39.65498236
2021,STATEN ISLAND,10303,242,27469,880.9931195,69879,19.36330035,36.44835997,33.51050275,0.367687211,9.749171794,0,39.01852998
2021,STATEN ISLAND,10304,442,43849,1008.004744,64539,19.57783641,48.87226619,27.94590527,0.246299802,11.20207986,0.075258273,22.57064015
2021,STATEN ISLAND,10305,190,44531,426.669062,76833,9.606111842,67.33286924,6.285508971,0.181895758,19.44937235,0.049403786,14.65720509
2021,STATEN ISLAND,10306,222,55805,397.813816,88687,8.733602422,75.75486068,4.417166921,0.22578622,10.3162799,0.200698862,15.95197563
2021,STATEN ISLAND,10307,8,14828,53.95198274,117469,6.179556937,90.9360669,0.141623955,0,3.243862962,0,11.64014028
2021,STATEN ISLAND,10308,12,30353,39.5348071,116082,7.055682685,89.36184232,1.416663921,0.059302211,3.85793826,0,11.39261358
2021,STATEN ISLAND,10309,23,35832,64.18843492,107500,11.30922899,91.88713999,0.627930342,0.438155838,3.036392052,0,7.850524671
2021,STATEN ISLAND,10310,151,25976,581.3058208,96161,13.42888644,54.93147521,22.68247613,0.469664306,5.428087465,0,29.14613489
2021,STATEN ISLAND,10312,52,63935,81.33260343,100875,6.605859591,85.99984359,0.819582388,0.08446078,7.038398373,0,12.28435129
2021,STATEN ISLAND,10314,121,93736,129.0859435,94578,9.004754258,68.8774857,3.964325339,0.290176666,17.82666211,0,15.14679525
2021,BRONX,10451,2908,50118,5802.306557,33945,33.64001175,15.33580749,43.52927092,0.315255996,1.21912287,0.590606169,56.09760964
2021,BRONX,10452,5526,79838,6921.51607,33877,35.88761632,14.69225181,33.75585561,0.405821789,1.31015306,0.457175781,67.71336957
2021,BRONX,10453,4522,80393,5624.867837,34860,34.21619294,11.24849178,32.30256366,0.959038722,1.972808578,0.322167353,69.05576356
2021,BRONX,10454,1160,38908,2981.392002,21846,45.9218739,15.64973784,32.20931428,0.735067338,0.169630924,0.12593811,69.73887118
2021,BRONX,10455,1910,42781,4464.59877,30741,35.34103235,14.25399126,32.50508403,0.939669479,1.372104439,0,72.96697132
2021,BRONX,10456,3763,90314,4166.574396,31166,38.78239485,12.27384459,48.09221162,1.108355294,0.706424253,0.143942246,57.80056248
2021,BRONX,10457,7784,79443,9798.220107,38066,33.50985126,17.77374973,45.34571957,0.965472099,0.626864544,0.114547537,65.11461048
2021,BRONX,10458,5865,86757,6760.26142,38768,31.17909935,12.53846952,17.96627361,1.197597888,3.347280335,0.02190025,72.03799117
2021,BRONX,10459,2428,51303,4732.666706,36631,29.34739013,12.01489192,34.84786465,0.536031031,0.307974193,0.068222131,67.44050056
2021,BRONX,10460,3140,59979,5235.165641,31504,36.18249534,15.8938962,34.19696894,0.635222328,1.378815919,0.206739025,66.58830591
2021,BRONX,10461,1291,52756,2447.11502,61087,16.17585412,45.16263553,9.663355827,0.691864432,11.33330806,0.066343165,50.17817879
2021,BRONX,10462,5670,78470,7225.691347,59032,17.58871427,19.33477762,25.64929272,1.060277813,14.8846693,0.016566841,47.92022429
2021,BRONX,10463,3046,73256,4158.021186,63048,17.07890467,44.24893524,16.26487933,1.122092388,3.740307961,0.092825161,51.50021841
2021,BRONX,10464,41,4417,928.2318316,118972,6.384065373,76.95268282,0.701833824,0,1.969662667,0,26.87344351
2021,BRONX,10465,469,46205,1015.041662,80245,16.64918882,53.46391083,13.6413808,0.075749378,5.880315983,0.311654583,45.29812791
2021,BRONX,10466,2119,75767,2796.732087,62918,19.38114656,9.055393509,68.17479905,0.657278235,2.450935104,0.022437209,26.63560653
2021,BRONX,10467,5468,102209,5349.822423,42639,25.81532417,21.25938029,32.50985725,1.143734896,6.367345341,0.065551957,52.2243638
2021,BRONX,10468,5606,82480,6796.799224,40138,30.36157582,13.35475267,22.34966052,1.52643065,2.624878758,0.375848691,79.30407371
2021,BRONX,10469,1335,75290,1773.143844,70415,17.19181868,15.72320361,56.76451056,0.188604064,5.493425422,0.013281976,28.27467127
2021,BRONX,10470,979,16446,5952.815274,70107,10.66749844,43.86476955,37.35254773,0.401313389,3.399002797,0,20.50954639
2021,BRONX,10471,263,23387,1124.556377,96368,7.310038824,62.79557019,10.5015607,0.36344978,4.399880275,0,27.275837
2021,BRONX,10472,2759,66720,4135.191847,36730,32.1128177,9.189148681,27.83273381,0.969724221,8.763489209,0.055455635,60.44364508
2021,BRONX,10473,1341,60296,2224.028128,48212,24.19729899,24.17407457,37.49834152,0.713148468,1.631949051,0,63.08212817
2021,BRONX,10474,524,11312,4632.248939,33157,39.35324747,11.5364215,36.23585573,0.892857143,0.353606789,0,68.17538897
2021,BRONX,10475,140,44509,314.5431261,56327,11.82287188,11.7504325,63.06589678,0.465074479,2.246736615,0,31.19818464
2021,QUEENS,11001,5,26818,18.6441942,132344,3.49907919,59.64277724,5.507494966,0.499664405,23.74897457,0,13.94585726
2021,QUEENS,11004,24,16426,146.1098259,100174,7.468879668,27.71825155,6.495799343,0.499208572,50.52356021,0.237428467,11.16522586
2021,QUEENS,11040,5,42634,11.72772904,140368,4.242922238,45.44025895,0.750574659,0.961673781,42.29722756,0,12.06548764
2021,QUEENS,11101,332,33789,982.5682915,98920,13.32783557,41.80650508,12.4715144,0.591908609,27.8581787,0.050312232,20.82926396
2021,QUEENS,11102,639,27876,2292.294447,95478,13.20016307,56.80872435,6.984502798,0.753336203,15.39675707,0.043047783,25.82149519
2021,QUEENS,11103,506,35912,1408.999777,82597,10.16435707,63.78647806,2.912675429,0.192136333,14.36567164,0,25.21162843
2021,QUEENS,11104,797,27575,2890.299184,81142,9.238031018,54.57479601,2.128739801,0.362647325,25.66092475,0.032638259,26.8467815
2021,QUEENS,11105,652,38311,1701.861084,93200,9.034653465,71.71830545,3.218396805,0.368040511,8.989585237,0,21.56560779
2021,QUEENS,11106,731,40472,1806.186993,71972,11.35253772,51.88031231,6.540324175,0.706661396,18.13599526,0.061771101,26.99891283
2021,QUEENS,11109,3,6712,44.69606675,160898,1.383081377,56.74910608,1.340882002,0,34.77353993,0,5.870083433
2021,BROOKLYN,11201,291,68777,423.1065618,148282,10.39763222,61.25012722,13.08431598,0.572865929,13.85928435,0.037803335,11.82372014
2021,BROOKLYN,11203,2216,79499,2787.456446,61414,15.00586166,4.416407754,85.03251613,0.123271991,1.943420672,0.023899672,6.690650197
2021,BROOKLYN,11204,1230,82140,1497.443389,58850,18.40361804,55.36401266,0.975164354,1.056732408,30.38957877,0.010956903,12.93523253
2021,BROOKLYN,11205,478,50681,943.1542393,68607,22.12572374,54.78384404,25.96436534,0.686647856,6.144314437,0,15.99613267
2021,BROOKLYN,11206,1093,90903,1202.380559,49013,31.39557205,46.14369163,23.03224316,0.999966998,6.022903535,0.155110392,36.15282224
2021,BROOKLYN,11207,1982,97690,2028.866824,45616,28.07683257,13.4455932,60.80765687,0.221107585,1.561060497,0.015354693,34.44774286
2021,BROOKLYN,11208,1773,107724,1645.872786,49679,23.73699741,22.46017601,50.60710705,0.189372842,6.944599161,0.160595596,40.57405963
2021,BROOKLYN,11209,2560,72938,3509.830267,84145,11.27363184,68.77347885,4.033562752,0.704708108,13.57454276,0.072664455,18.43894815
2021,BROOKLYN,11210,1842,65854,2797.096608,77378,10.97605893,32.4110912,53.24809427,0.062258936,4.824308318,0,7.11270386
2021,BROOKLYN,11211,979,65925,1485.020857,89091,17.41047466,67.25066363,5.676147137,0.603716344,6.103905954,0,26.44368601
2021,BROOKLYN,11212,2379,78296,3038.469398,30733,35.25352915,8.045110861,76.35639113,0.203075508,1.057525289,0.056196996,17.01236334
2021,BROOKLYN,11213,3370,69392,4856.467604,48896,21.8139321,23.88315656,64.21201291,0.040350473,1.802801476,0.021616325,11.91203597
2021,BROOKLYN,11214,1425,95361,1494.321578,58487,18.19901627,45.18513858,2.002915238,0.484474785,36.56945712,0.00314594,17.28064932
2021,BROOKLYN,11215,770,73419,1048.77484,156930,5.429494812,72.99745298,3.723831706,0.399079257,9.078031572,0,16.30095752
2021,BROOKLYN,11216,1903,62210,3058.993731,84661,14.32620853,33.8755827,48.524353,0.056261051,4.618228581,0,12.79697798
2021,BROOKLYN,11217,470,42107,1116.203957,133269,12.7797474,57.69349514,18.91846961,0.102120788,8.734889686,0.056997649,14.36340751
2021,BROOKLYN,11218,1708,76370,2236.480293,81857,11.95868401,58.66046877,8.183841823,0.252717035,19.40552573,0,16.29435642
2021,BROOKLYN,11219,666,93119,715.2138661,44450,29.84166667,63.96546355,1.477679099,0.381232616,23.48929864,0.026847367,12.39167087
2021,BROOKLYN,11220,2079,93584,2221.533595,57046,22.21413759,28.28154385,2.687425201,0.947811592,41.98153531,0,39.33578389
2021,BROOKLYN,11221,1881,89728,2096.335592,66923,21.18696641,24.48622504,42.84727175,0.459165478,4.42671184,0.053495007,32.37116619
2021,BROOKLYN,11222,488,39669,1230.179737,110385,9.755312299,78.47941718,3.569537926,0.292419774,4.020771887,0,14.35125665
2021,BROOKLYN,11223,938,83565,1122.479507,57281,20.90307088,53.73780889,5.998922994,0.312331718,25.84574882,0.013163406,13.42906719
2021,BROOKLYN,11224,415,48110,862.6065267,37241,32.1209283,54.06776138,20.12055706,0.284764082,8.576179588,0,20.11639992
2021,BROOKLYN,11225,3766,59465,6333.137139,68542,14.94575155,30.98293114,56.49541747,0.110989658,2.741108215,0,10.33549147
2021,BROOKLYN,11226,7193,99776,7209.148493,66173,14.77860375,15.59693714,65.56286081,0.785760103,2.889472418,0,14.81117704
2021,BROOKLYN,11228,237,45267,523.5602094,77189,10.77817242,55.63655643,1.108975633,0.34462191,33.84142974,0,12.48591689
2021,BROOKLYN,11229,994,85538,1162.05663,69076,16.58563287,63.12866796,5.868736702,0.389300662,23.42467675,0.049100984,9.158502654
2021,BROOKLYN,11230,2288,91789,2492.673414,61017,20.32522892,66.37505583,8.058699844,0.321389273,15.27851921,0.039220386,10.93486148
2021,BROOKLYN,11231,364,40311,902.9793357,121638,17.21830565,66.6939545,13.20731314,0.45397038,5.033365583,1.619905237,15.96834611
2021,BROOKLYN,11232,549,28501,1926.248202,77031,14.41294667,41.51082418,8.066383636,1.891161714,16.15381916,0.066664328,50.2368338
2021,BROOKLYN,11233,1956,85633,2284.166151,52380,24.67726382,13.73302348,71.70600119,0.395875422,1.393154508,0.024523256,15.94829096
2021,BROOKLYN,11234,577,94254,612.1756106,86185,8.975340787,36.83026715,45.7211365,0.396800136,8.106817748,0,9.09245231
2021,BROOKLYN,11235,1532,84859,1805.347694,58669,19.27575478,73.15193439,2.255506193,0.003535276,12.78473703,0,9.017311069
2021,BROOKLYN,11236,774,102238,757.0570629,73562,13.13448767,5.350261155,83.22932765,0.136935386,2.4599464,0.012715429,8.570198948
2021,BROOKLYN,11237,1180,50590,2332.476774,65908,18.7210962,33.31686104,11.22949199,1.597153588,6.503261514,0.126507215,58.70330105
2021,BROOKLYN,11238,1339,58597,2285.09992,114427,11.17305548,52.17331945,29.74725669,0.32254211,6.242640408,0,11.2975067
2021,BROOKLYN,11239,359,15917,2255.450148,33736,29.54748247,18.50851291,66.45724697,2.714079286,2.751774832,0,15.57454294
2021,BROOKLYN,11249,273,42421,643.5491855,105222,19.44216052,,,,,,
2021,QUEENS,11354,617,53375,1155.971897,52273,18.67647059,19.329274,3.467915691,0.174238876,64.12552693,0.243559719,14.0028103
2021,QUEENS,11355,1223,80918,1511.406609,46963,21.55936612,11.59198201,2.320868039,0.615437851,73.7042438,0.008650733,14.95588126
2021,QUEENS,11356,156,27295,571.5332478,73318,8.736426456,28.88807474,1.6486536,0.197838432,31.06429749,0.106246565,43.09946877
2021,QUEENS,11357,57,44030,129.4571883,88580,8.876811594,63.5362253,0.742675449,0.106745401,24.64228935,0.034067681,15.14876221
2021,QUEENS,11358,412,38103,1081.279689,74854,9.696739955,38.53239902,1.065532898,0.627247198,45.77854762,0,18.80166916
2021,QUEENS,11360,24,20076,119.5457262,92851,7.28859669,59.78282526,1.404662283,0.80195258,29.72703726,0,10.75911536
2021,QUEENS,11361,299,30006,996.4673732,93734,7.913669065,45.93747917,4.785709525,0.246617343,39.38212358,0,14.52376191
2021,QUEENS,11362,10,19217,52.03725868,100528,3.970325594,43.42509237,2.711141177,0,47.57766561,0,9.611281678
2021,QUEENS,11363,47,7424,633.0818966,98111,8.837689133,54.21605603,0.83512931,1.171875,34.60398707,0,10.88362069
2021,QUEENS,11364,266,39015,681.7890555,90970,8.646807277,36.10406254,3.147507369,1.225169806,48.43009099,0,16.18864539
2021,QUEENS,11365,142,45439,312.5068774,73279,11.38120863,30.42540549,10.32813222,0.138647417,43.31741456,0.03301129,20.4163824
2021,QUEENS,11366,69,13922,495.6184456,100781,8.984628708,36.35971843,6.601063066,0,44.48355121,0,11.83019681
2021,QUEENS,11367,402,42362,948.9636939,71469,15.29379462,51.31485766,7.365091355,0.335206081,28.44530475,0,16.8948586
2021,QUEENS,11368,1825,116469,1566.940559,62254,16.92724196,26.80455744,9.024719024,0.771020615,12.45309911,0.020606342,75.62441508
2021,QUEENS,11369,346,31550,1096.671949,66132,12.79447178,25.02377179,18.45641838,0.48177496,16.06022187,0.015847861,55.97147385
2021,QUEENS,11370,97,29780,325.721961,67241,8.10430781,41.24244459,13.71390195,1.363331095,22.20282069,0.067159167,37.95836132
2021,QUEENS,11372,1366,67252,2031.166359,62910,13.05436338,42.65598049,3.623684054,0.319693095,21.68262654,0.307797538,53.5285196
2021,QUEENS,11373,1158,102104,1134.137742,62072,10.91672498,13.45490872,1.574864844,0.769803338,48.70426232,0.041134529,42.58794954
2021,QUEENS,11374,588,47019,1250.558285,79221,12.07242452,46.56628172,4.836342755,0.097832791,31.15336353,0.072311193,20.01318616
2021,QUEENS,11375,1470,76091,1931.897333,96321,7.102933623,56.25369623,3.176459765,0.214217187,28.54214033,0,14.45900304
2021,QUEENS,11377,1302,85255,1527.183156,66325,9.620901323,38.42707173,2.303677204,0.374171603,36.9233476,0,38.80241628
2021,QUEENS,11378,156,39994,390.0585088,85464,9.126891735,62.96444467,1.647747162,0.577586638,12.3493524,0,35.21528229
2021,QUEENS,11379,174,39805,437.1310137,88672,7.827464535,72.48335636,1.10538877,0.293932923,11.41062681,0,20.66574551
2021,QUEENS,11385,1475,109111,1351.834371,77350,11.42780027,67.22970186,3.317722319,0.311609279,6.925974466,0,46.55534272
2021,QUEENS,11411,76,21605,351.7704235,108131,7.159317868,4.980328628,89.13214534,0,0.249942143,0,6.697523721
2021,QUEENS,11412,374,41782,895.1223015,93429,9.469565217,2.34790101,84.8571155,0.768273419,3.326791441,0.277631516,6.308936863
2021,QUEENS,11413,239,45661,523.4226145,104236,6.169606408,1.905345919,88.90300256,0.170824117,1.616258952,0,6.800113883
2021,QUEENS,11414,80,30915,258.7740579,86113,10.05557485,73.55005661,4.198609089,0.145560408,5.27252143,0,24.91347242
2021,QUEENS,11415,327,20351,1606.800649,80360,9.758951556,54.90147904,7.965210555,1.307061078,20.274188,0.049137635,23.6892536
2021,QUEENS,11416,261,27098,963.1707137,76477,13.72761801,24.19735774,5.472728615,0.535094841,33.22016385,0,45.82626024
2021,QUEENS,11417,172,33236,517.5111325,78498,13.48026105,28.76098207,8.529907329,0.330966422,30.38572632,0.024070285,36.98399326
2021,QUEENS,11418,430,38938,1104.319688,77708,9.440950986,32.51065797,9.22492167,1.060660537,24.4568288,0,40.24860034
2021,QUEENS,11419,562,50107,1121.599776,84245,9.318606098,7.637655417,13.78250544,0.999860299,35.59582493,0.109765103,19.50226515
2021,QUEENS,11420,318,51831,613.532442,89027,9.435632608,11.22301325,24.67056395,1.547336536,33.57643109,0.206440161,22.9148579
2021,QUEENS,11421,285,42704,667.3847883,76721,10.14045906,32.27800674,6.123548145,0.337204946,18.00299738,0.154552267,59.56350693
2021,QUEENS,11422,179,34063,525.4968734,95945,8.164066333,8.114376303,79.97533981,0.728062707,4.294982826,0,9.608666295
2021,QUEENS,11423,502,30983,1620.243359,69386,14.12011592,14.00445406,34.31882,0.477681309,28.43172062,0,16.18306813
2021,QUEENS,11426,36,20959,171.76392,102818,5.866368286,29.17123909,7.104346581,0.16222148,43.43718689,0,20.09160742
2021,QUEENS,11427,251,25890,969.4862881,84000,8.557089084,20.57937428,22.34453457,0.741599073,33.76593279,0,20.54074932
2021,QUEENS,11428,94,21184,443.7311178,83417,8.732931089,13.68957704,19.14652568,0.420128399,29.61669184,0,27.32250755
2021,QUEENS,11429,122,28643,425.9330377,89318,12.15199398,4.521174458,68.42160388,1.225430297,5.463813148,0,14.45030199
2021,QUEENS,11432,1325,64858,2042.924543,66246,11.79800839,16.05969965,16.39736039,1.08544821,43.74325449,0.137222856,21.52086096
2021,QUEENS,11433,456,41396,1101.555706,68801,15.73646276,3.997970818,57.9766161,1.611266789,16.53299836,0.021741231,13.91197217
2021,QUEENS,11434,539,66424,811.4536914,66546,12.75152713,4.064795857,79.88227147,0.394435746,3.247320246,0,10.61815007
2021,QUEENS,11435,671,60842,1102.856579,71346,14.86238532,16.49518425,25.05012984,0.823444331,21.47200947,0,31.09529601
2021,QUEENS,11436,158,21248,743.5993976,78306,10.44087491,3.223832831,60.74454066,0.597703313,7.840737952,0,13.56362952
2021,QUEENS,11691,1159,70797,1637.075017,54877,24.7728537,32.70901309,44.33379945,0.309335141,4.305267172,0.053674591,24.5773126
2021,QUEENS,11692,319,24639,1294.695402,53498,18.40696951,19.81411583,56.00064938,0.190754495,5.710459028,0,24.69256057
2021,QUEENS,11693,117,14147,827.0304658,64688,14.83735971,60.16823355,21.94811621,0.275676822,2.933484131,0,29.74482222
2021,QUEENS,11694,403,22432,1796.540656,88643,12.63107722,81.30349501,5.969151213,0,2.380527817,0,16.72610556
2022,MANHATTAN,10001,396,26966,1468.515909,101409,11.97365655,62.90513981,7.850626715,0.14833494,16.78780687,0.185418675,18.44174145
2022,MANHATTAN,10002,1905,76807,2480.242686,37093,28.28684112,32.14160168,8.401577981,0.812425951,39.43390576,0.024737329,25.91821058
2022,MANHATTAN,10003,1298,54447,2383.969732,137533,8.752630952,70.67607031,5.18485867,0.271823976,16.73186769,0.082649182,8.040847062
2022,MANHATTAN,10004,15,4795,312.8258603,216017,2.69758637,57.51824818,3.378519291,0,33.22210636,0,4.233576642
2022,MANHATTAN,10005,17,8637,196.8276022,197188,2.446675031,75.21130022,1.701979854,0,13.66215121,0,6.819497511
2022,MANHATTAN,10006,38,3894,975.8602979,200536,3.314917127,64.86902928,6.54853621,0,22.98407807,0,5.701078582
2022,MANHATTAN,10007,34,8194,414.9377593,250001,4.4978435,75.33561142,8.982182084,0,12.98511106,0,11.22772761
2022,MANHATTAN,10009,1655,60000,2758.333333,77551,23.18155541,58.20666667,7.628333333,0.183333333,13.325,0.005,24.47166667
2022,MANHATTAN,10010,448,33193,1349.682162,131635,10.08823348,69.14710933,8.893441388,0.144608803,14.92784623,0,10.0714006
2022,MANHATTAN,10011,625,51867,1205.005109,139343,9.308055575,75.03615015,4.476834982,0.123392523,9.35855168,0,13.71006613
2022,MANHATTAN,10012,542,22269,2433.87669,117581,11.28385155,71.11230859,3.619381203,0,18.5504513,0,8.873321658
2022,MANHATTAN,10013,437,29563,1478.1991,137572,10.54807848,58.19436458,3.382606637,0.091330379,30.98467679,0,7.92544735
2022,MANHATTAN,10014,637,29815,2136.508469,136559,7.226463104,85.5508972,1.807814858,0.090558444,4.618480631,0,8.817709207
2022,MANHATTAN,10016,803,56758,1414.778533,136431,7.889755936,67.76665844,4.358856901,0.042284788,17.72437366,0.038761056,11.96483315
2022,MANHATTAN,10017,302,15514,1946.628851,136112,7.148136416,74.41665592,2.745906923,0.032228954,17.80327446,0.257831636,4.692535774
2022,MANHATTAN,10018,308,8063,3819.918145,130457,8.577728776,55.98412502,5.07255364,0.111620985,30.17487288,0,12.82401091
2022,MANHATTAN,10019,1450,43989,3296.278615,105538,12.43419308,64.89122281,6.056059469,0.556957421,18.75241538,0.106844893,17.52710905
2022,MANHATTAN,10021,566,42484,1332.266265,136060,5.804241742,84.76132191,0.303643725,0.047076546,9.264664344,0.308351379,5.736277187
2022,MANHATTAN,10022,315,33303,945.8607333,156255,7.25921067,83.18169534,1.351229619,0.09608744,10.30838063,0,9.41957181
2022,MANHATTAN,10023,680,65891,1032.007406,136109,9.069898534,73.42429163,4.716880909,0.013658922,12.64360838,0,8.385060175
2022,MANHATTAN,10024,1579,63916,2470.429939,153177,8.308736217,81.65404594,2.869391076,0.242505789,5.613617873,0,11.64966519
2022,MANHATTAN,10025,3083,96918,3181.039642,103440,14.0760056,61.30336986,11.50250727,0.093893807,10.10441817,0,22.48705091
2022,MANHATTAN,10026,2754,39401,6989.670313,65038,18.11893042,25.62371513,51.48600289,0.167508439,5.989695693,0,19.34722469
2022,MANHATTAN,10027,3268,65840,4963.547995,58435,21.6092732,29.96202916,37.15826245,0.592345079,8.658869988,0.001518834,25.7746051
2022,MANHATTAN,10028,657,47793,1374.6783,149789,4.905203711,86.62565648,1.330738811,0,7.599439248,0,7.557592116
2022,MANHATTAN,10029,2377,77661,3060.738337,33901,33.05777616,27.50544031,30.40135976,0.898778022,10.73383037,0.047642961,45.80033736
2022,MANHATTAN,10030,2503,31611,7918.129765,42834,27.465487,16.65875803,57.91654804,0.069596027,3.501945525,0.006326912,28.75897631
2022,MANHATTAN,10031,5144,61801,8323.489911,57180,23.5551623,26.4008673,28.22446239,0.54529862,4.38180612,0.088995324,50.7338069
2022,MANHATTAN,10032,5318,60529,8785.871235,55059,20.27870122,23.35574683,17.81625337,0.498934395,4.855523799,0.07764873,64.50957392
2022,MANHATTAN,10033,4286,60739,7056.421739,71630,16.15618308,36.37531076,8.240175176,2.382324371,2.942096511,0,66.58324964
2022,MANHATTAN,10034,3655,43365,8428.456128,63851,17.4586056,32.00737922,12.7729736,1.471232561,2.75798455,0.221376686,70.95122795
2022,MANHATTAN,10035,1704,37042,4600.183575,32555,35.67247387,20.91949679,40.43788132,0.27806274,3.712002592,0.0917877,43.98520598
2022,MANHATTAN,10036,926,30437,3042.349772,98177,12.82395957,59.60180044,7.517166606,0.18070112,16.80848967,0.098564247,19.71613497
2022,MANHATTAN,10037,1361,19374,7024.878703,48782,24.19875025,11.49994838,68.86548983,0.278724063,3.623412821,0,18.82419738
2022,MANHATTAN,10038,233,23356,997.6023292,99924,19.12521441,49.46908717,10.68247988,0.235485528,28.42096249,0,9.697722213
2022,MANHATTAN,10039,2025,27234,7435.558493,50164,21.44588745,15.48432107,56.52493207,0.653594771,2.302269222,0,33.45817728
2022,MANHATTAN,10040,3305,45771,7220.729283,54700,19.93091746,30.1173232,6.650499224,1.190710275,2.318061655,0.010923947,70.78281008
2022,MANHATTAN,10044,49,12155,403.1262855,115294,6.064306064,43.34018922,13.00699301,0,32.8589058,0,10.67050596
2022,MANHATTAN,10065,474,31270,1515.829869,152335,6.448609732,79.78573713,2.069075791,0.035177486,13.76399105,0,8.23153182
2022,MANHATTAN,10069,24,5774,415.6563907,183178,16.86156167,49.74021476,3.100103914,0,32.31728438,0,4.416349151
2022,MANHATTAN,10075,362,23391,1547.603779,131372,12.82407786,86.0202642,1.808387841,1.107263477,7.092471463,0.260784062,8.007353256
2022,MANHATTAN,10128,786,58147,1351.746436,127919,9.008210964,73.36577983,5.133540853,0.058472492,9.864653379,0.022357129,12.97229436
2022,MANHATTAN,10162,0,2268,0,99300,0,97.1340388,0,0,2.865961199,0,18.25396825
2022,MANHATTAN,10280,3,8582,34.95688651,178148,2.875475285,72.23257982,1.608016779,0.827312981,21.09065486,0,12.7010021
2022,MANHATTAN,10282,20,6419,311.5750117,250001,2.208446339,74.37295529,1.931765072,0,15.46969933,0,4.315313912
2022,STATEN ISLAND,10301,848,38736,2189.178026,78053,14.44646352,58.96065675,20.06402313,0.351094589,7.483994217,0.010326311,26.06877323
2022,STATEN ISLAND,10302,200,18144,1102.292769,73927,19.11738431,45.09479718,24.52050265,1.471560847,5.89175485,0.104717813,39.65498236
2022,STATEN ISLAND,10303,227,27469,826.386108,69879,19.36330035,36.44835997,33.51050275,0.367687211,9.749171794,0,39.01852998
2022,STATEN ISLAND,10304,628,43849,1432.187735,64539,19.57783641,48.87226619,27.94590527,0.246299802,11.20207986,0.075258273,22.57064015
2022,STATEN ISLAND,10305,257,44531,577.126047,76833,9.606111842,67.33286924,6.285508971,0.181895758,19.44937235,0.049403786,14.65720509
2022,STATEN ISLAND,10306,337,55805,603.8885405,88687,8.733602422,75.75486068,4.417166921,0.22578622,10.3162799,0.200698862,15.95197563
2022,STATEN ISLAND,10307,33,14828,222.5519288,117469,6.179556937,90.9360669,0.141623955,0,3.243862962,0,11.64014028
2022,STATEN ISLAND,10308,36,30353,118.6044213,116082,7.055682685,89.36184232,1.416663921,0.059302211,3.85793826,0,11.39261358
2022,STATEN ISLAND,10309,63,35832,175.8204956,107500,11.30922899,91.88713999,0.627930342,0.438155838,3.036392052,0,7.850524671
2022,STATEN ISLAND,10310,155,25976,596.7046504,96161,13.42888644,54.93147521,22.68247613,0.469664306,5.428087465,0,29.14613489
2022,STATEN ISLAND,10312,69,63935,107.9221084,100875,6.605859591,85.99984359,0.819582388,0.08446078,7.038398373,0,12.28435129
2022,STATEN ISLAND,10314,197,93736,210.1647179,94578,9.004754258,68.8774857,3.964325339,0.290176666,17.82666211,0,15.14679525
2022,BRONX,10451,3834,50118,7649.946127,33945,33.64001175,15.33580749,43.52927092,0.315255996,1.21912287,0.590606169,56.09760964
2022,BRONX,10452,8794,79838,11014.80498,33877,35.88761632,14.69225181,33.75585561,0.405821789,1.31015306,0.457175781,67.71336957
2022,BRONX,10453,5924,80393,7368.800766,34860,34.21619294,11.24849178,32.30256366,0.959038722,1.972808578,0.322167353,69.05576356
2022,BRONX,10454,1775,38908,4562.043796,21846,45.9218739,15.64973784,32.20931428,0.735067338,0.169630924,0.12593811,69.73887118
2022,BRONX,10455,2421,42781,5659.054253,30741,35.34103235,14.25399126,32.50508403,0.939669479,1.372104439,0,72.96697132
2022,BRONX,10456,5204,90314,5762.11883,31166,38.78239485,12.27384459,48.09221162,1.108355294,0.706424253,0.143942246,57.80056248
2022,BRONX,10457,8986,79443,11311.25461,38066,33.50985126,17.77374973,45.34571957,0.965472099,0.626864544,0.114547537,65.11461048
2022,BRONX,10458,8505,86757,9803.243542,38768,31.17909935,12.53846952,17.96627361,1.197597888,3.347280335,0.02190025,72.03799117
2022,BRONX,10459,3831,51303,7467.399567,36631,29.34739013,12.01489192,34.84786465,0.536031031,0.307974193,0.068222131,67.44050056
2022,BRONX,10460,4142,59979,6905.750346,31504,36.18249534,15.8938962,34.19696894,0.635222328,1.378815919,0.206739025,66.58830591
2022,BRONX,10461,2204,52756,4177.723861,61087,16.17585412,45.16263553,9.663355827,0.691864432,11.33330806,0.066343165,50.17817879
2022,BRONX,10462,7668,78470,9771.887345,59032,17.58871427,19.33477762,25.64929272,1.060277813,14.8846693,0.016566841,47.92022429
2022,BRONX,10463,4259,73256,5813.858251,63048,17.07890467,44.24893524,16.26487933,1.122092388,3.740307961,0.092825161,51.50021841
2022,BRONX,10464,41,4417,928.2318316,118972,6.384065373,76.95268282,0.701833824,0,1.969662667,0,26.87344351
2022,BRONX,10465,414,46205,896.0069257,80245,16.64918882,53.46391083,13.6413808,0.075749378,5.880315983,0.311654583,45.29812791
2022,BRONX,10466,2761,75767,3644.066678,62918,19.38114656,9.055393509,68.17479905,0.657278235,2.450935104,0.022437209,26.63560653
2022,BRONX,10467,7653,102209,7487.598939,42639,25.81532417,21.25938029,32.50985725,1.143734896,6.367345341,0.065551957,52.2243638
2022,BRONX,10468,7663,82480,9290.737148,40138,30.36157582,13.35475267,22.34966052,1.52643065,2.624878758,0.375848691,79.30407371
2022,BRONX,10469,2383,75290,3165.094966,70415,17.19181868,15.72320361,56.76451056,0.188604064,5.493425422,0.013281976,28.27467127
2022,BRONX,10470,1035,16446,6293.323605,70107,10.66749844,43.86476955,37.35254773,0.401313389,3.399002797,0,20.50954639
2022,BRONX,10471,519,23387,2219.181597,96368,7.310038824,62.79557019,10.5015607,0.36344978,4.399880275,0,27.275837
2022,BRONX,10472,3898,66720,5842.326139,36730,32.1128177,9.189148681,27.83273381,0.969724221,8.763489209,0.055455635,60.44364508
2022,BRONX,10473,1681,60296,2787.912963,48212,24.19729899,24.17407457,37.49834152,0.713148468,1.631949051,0,63.08212817
2022,BRONX,10474,758,11312,6700.848656,33157,39.35324747,11.5364215,36.23585573,0.892857143,0.353606789,0,68.17538897
2022,BRONX,10475,161,44509,361.724595,56327,11.82287188,11.7504325,63.06589678,0.465074479,2.246736615,0,31.19818464
2022,QUEENS,11001,10,26818,37.2883884,132344,3.49907919,59.64277724,5.507494966,0.499664405,23.74897457,0,13.94585726
2022,QUEENS,11004,10,16426,60.87909412,100174,7.468879668,27.71825155,6.495799343,0.499208572,50.52356021,0.237428467,11.16522586
2022,QUEENS,11040,1,42634,2.345545809,140368,4.242922238,45.44025895,0.750574659,0.961673781,42.29722756,0,12.06548764
2022,QUEENS,11101,540,33789,1598.153245,98920,13.32783557,41.80650508,12.4715144,0.591908609,27.8581787,0.050312232,20.82926396
2022,QUEENS,11102,804,27876,2884.201464,95478,13.20016307,56.80872435,6.984502798,0.753336203,15.39675707,0.043047783,25.82149519
2022,QUEENS,11103,819,35912,2280.574738,82597,10.16435707,63.78647806,2.912675429,0.192136333,14.36567164,0,25.21162843
2022,QUEENS,11104,1356,27575,4917.497733,81142,9.238031018,54.57479601,2.128739801,0.362647325,25.66092475,0.032638259,26.8467815
2022,QUEENS,11105,742,38311,1936.780559,93200,9.034653465,71.71830545,3.218396805,0.368040511,8.989585237,0,21.56560779
2022,QUEENS,11106,1821,40472,4499.406997,71972,11.35253772,51.88031231,6.540324175,0.706661396,18.13599526,0.061771101,26.99891283
2022,QUEENS,11109,6,6712,89.39213349,160898,1.383081377,56.74910608,1.340882002,0,34.77353993,0,5.870083433
2022,BROOKLYN,11201,538,68777,782.2382483,148282,10.39763222,61.25012722,13.08431598,0.572865929,13.85928435,0.037803335,11.82372014
2022,BROOKLYN,11203,2916,79499,3667.970666,61414,15.00586166,4.416407754,85.03251613,0.123271991,1.943420672,0.023899672,6.690650197
2022,BROOKLYN,11204,1143,82140,1391.526662,58850,18.40361804,55.36401266,0.975164354,1.056732408,30.38957877,0.010956903,12.93523253
2022,BROOKLYN,11205,563,50681,1110.869951,68607,22.12572374,54.78384404,25.96436534,0.686647856,6.144314437,0,15.99613267
2022,BROOKLYN,11206,1804,90903,1984.532964,49013,31.39557205,46.14369163,23.03224316,0.999966998,6.022903535,0.155110392,36.15282224
2022,BROOKLYN,11207,2698,97690,2761.797523,45616,28.07683257,13.4455932,60.80765687,0.221107585,1.561060497,0.015354693,34.44774286
2022,BROOKLYN,11208,2625,107724,2436.78289,49679,23.73699741,22.46017601,50.60710705,0.189372842,6.944599161,0.160595596,40.57405963
2022,BROOKLYN,11209,2712,72938,3718.226439,84145,11.27363184,68.77347885,4.033562752,0.704708108,13.57454276,0.072664455,18.43894815
2022,BROOKLYN,11210,2082,65854,3161.539162,77378,10.97605893,32.4110912,53.24809427,0.062258936,4.824308318,0,7.11270386
2022,BROOKLYN,11211,1154,65925,1750.474024,89091,17.41047466,67.25066363,5.676147137,0.603716344,6.103905954,0,26.44368601
2022,BROOKLYN,11212,3125,78296,3991.263922,30733,35.25352915,8.045110861,76.35639113,0.203075508,1.057525289,0.056196996,17.01236334
2022,BROOKLYN,11213,4083,69392,5883.963569,48896,21.8139321,23.88315656,64.21201291,0.040350473,1.802801476,0.021616325,11.91203597
2022,BROOKLYN,11214,2176,95361,2281.855266,58487,18.19901627,45.18513858,2.002915238,0.484474785,36.56945712,0.00314594,17.28064932
2022,BROOKLYN,11215,1007,73419,1371.579564,156930,5.429494812,72.99745298,3.723831706,0.399079257,9.078031572,0,16.30095752
2022,BROOKLYN,11216,2314,62210,3719.659219,84661,14.32620853,33.8755827,48.524353,0.056261051,4.618228581,0,12.79697798
2022,BROOKLYN,11217,477,42107,1132.828271,133269,12.7797474,57.69349514,18.91846961,0.102120788,8.734889686,0.056997649,14.36340751
2022,BROOKLYN,11218,2155,76370,2821.78866,81857,11.95868401,58.66046877,8.183841823,0.252717035,19.40552573,0,16.29435642
2022,BROOKLYN,11219,1051,93119,1128.663323,44450,29.84166667,63.96546355,1.477679099,0.381232616,23.48929864,0.026847367,12.39167087
2022,BROOKLYN,11220,2162,93584,2310.22397,57046,22.21413759,28.28154385,2.687425201,0.947811592,41.98153531,0,39.33578389
2022,BROOKLYN,11221,2487,89728,2771.710057,66923,21.18696641,24.48622504,42.84727175,0.459165478,4.42671184,0.053495007,32.37116619
2022,BROOKLYN,11222,902,39669,2273.815826,110385,9.755312299,78.47941718,3.569537926,0.292419774,4.020771887,0,14.35125665
2022,BROOKLYN,11223,1150,83565,1376.174236,57281,20.90307088,53.73780889,5.998922994,0.312331718,25.84574882,0.013163406,13.42906719
2022,BROOKLYN,11224,475,48110,987.3207233,37241,32.1209283,54.06776138,20.12055706,0.284764082,8.576179588,0,20.11639992
2022,BROOKLYN,11225,4963,59465,8346.085933,68542,14.94575155,30.98293114,56.49541747,0.110989658,2.741108215,0,10.33549147
2022,BROOKLYN,11226,8280,99776,8298.588839,66173,14.77860375,15.59693714,65.56286081,0.785760103,2.889472418,0,14.81117704
2022,BROOKLYN,11228,314,45267,693.6620496,77189,10.77817242,55.63655643,1.108975633,0.34462191,33.84142974,0,12.48591689
2022,BROOKLYN,11229,1496,85538,1748.9303,69076,16.58563287,63.12866796,5.868736702,0.389300662,23.42467675,0.049100984,9.158502654
2022,BROOKLYN,11230,2870,91789,3126.736319,61017,20.32522892,66.37505583,8.058699844,0.321389273,15.27851921,0.039220386,10.93486148
2022,BROOKLYN,11231,492,40311,1220.510531,121638,17.21830565,66.6939545,13.20731314,0.45397038,5.033365583,1.619905237,15.96834611
2022,BROOKLYN,11232,558,28501,1957.826041,77031,14.41294667,41.51082418,8.066383636,1.891161714,16.15381916,0.066664328,50.2368338
2022,BROOKLYN,11233,2337,85633,2729.088085,52380,24.67726382,13.73302348,71.70600119,0.395875422,1.393154508,0.024523256,15.94829096
2022,BROOKLYN,11234,686,94254,727.8205699,86185,8.975340787,36.83026715,45.7211365,0.396800136,8.106817748,0,9.09245231
2022,BROOKLYN,11235,1695,84859,1997.431033,58669,19.27575478,73.15193439,2.255506193,0.003535276,12.78473703,0,9.017311069
2022,BROOKLYN,11236,1630,102238,1594.319138,73562,13.13448767,5.350261155,83.22932765,0.136935386,2.4599464,0.012715429,8.570198948
2022,BROOKLYN,11237,1318,50590,2605.257956,65908,18.7210962,33.31686104,11.22949199,1.597153588,6.503261514,0.126507215,58.70330105
2022,BROOKLYN,11238,1774,58597,3027.458744,114427,11.17305548,52.17331945,29.74725669,0.32254211,6.242640408,0,11.2975067
2022,BROOKLYN,11239,493,15917,3097.317334,33736,29.54748247,18.50851291,66.45724697,2.714079286,2.751774832,0,15.57454294
2022,QUEENS,11354,644,53375,1206.557377,52273,18.67647059,19.329274,3.467915691,0.174238876,64.12552693,0.243559719,14.0028103
2022,QUEENS,11355,2043,80918,2524.77817,46963,21.55936612,11.59198201,2.320868039,0.615437851,73.7042438,0.008650733,14.95588126
2022,QUEENS,11356,186,27295,681.4434878,73318,8.736426456,28.88807474,1.6486536,0.197838432,31.06429749,0.106246565,43.09946877
2022,QUEENS,11357,61,44030,138.5419032,88580,8.876811594,63.5362253,0.742675449,0.106745401,24.64228935,0.034067681,15.14876221
2022,QUEENS,11358,335,38103,879.1958638,74854,9.696739955,38.53239902,1.065532898,0.627247198,45.77854762,0,18.80166916
2022,QUEENS,11360,60,20076,298.8643156,92851,7.28859669,59.78282526,1.404662283,0.80195258,29.72703726,0,10.75911536
2022,QUEENS,11361,220,30006,733.186696,93734,7.913669065,45.93747917,4.785709525,0.246617343,39.38212358,0,14.52376191
2022,QUEENS,11362,14,19217,72.85216215,100528,3.970325594,43.42509237,2.711141177,0,47.57766561,0,9.611281678
2022,QUEENS,11363,59,7424,794.7198276,98111,8.837689133,54.21605603,0.83512931,1.171875,34.60398707,0,10.88362069
2022,QUEENS,11364,453,39015,1161.091888,90970,8.646807277,36.10406254,3.147507369,1.225169806,48.43009099,0,16.18864539
2022,QUEENS,11365,348,45439,765.8619248,73279,11.38120863,30.42540549,10.32813222,0.138647417,43.31741456,0.03301129,20.4163824
2022,QUEENS,11366,114,13922,818.8478667,100781,8.984628708,36.35971843,6.601063066,0,44.48355121,0,11.83019681
2022,QUEENS,11367,737,42362,1739.766772,71469,15.29379462,51.31485766,7.365091355,0.335206081,28.44530475,0,16.8948586
2022,QUEENS,11368,1571,116469,1348.856777,62254,16.92724196,26.80455744,9.024719024,0.771020615,12.45309911,0.020606342,75.62441508
2022,QUEENS,11369,436,31550,1381.933439,66132,12.79447178,25.02377179,18.45641838,0.48177496,16.06022187,0.015847861,55.97147385
2022,QUEENS,11370,131,29780,439.8925453,67241,8.10430781,41.24244459,13.71390195,1.363331095,22.20282069,0.067159167,37.95836132
2022,QUEENS,11372,1576,67252,2343.424731,62910,13.05436338,42.65598049,3.623684054,0.319693095,21.68262654,0.307797538,53.5285196
2022,QUEENS,11373,2091,102104,2047.911933,62072,10.91672498,13.45490872,1.574864844,0.769803338,48.70426232,0.041134529,42.58794954
2022,QUEENS,11374,924,47019,1965.163019,79221,12.07242452,46.56628172,4.836342755,0.097832791,31.15336353,0.072311193,20.01318616
2022,QUEENS,11375,1471,76091,1933.211549,96321,7.102933623,56.25369623,3.176459765,0.214217187,28.54214033,0,14.45900304
2022,QUEENS,11377,1471,85255,1725.411999,66325,9.620901323,38.42707173,2.303677204,0.374171603,36.9233476,0,38.80241628
2022,QUEENS,11378,217,39994,542.5813872,85464,9.126891735,62.96444467,1.647747162,0.577586638,12.3493524,0,35.21528229
2022,QUEENS,11379,375,39805,942.0927019,88672,7.827464535,72.48335636,1.10538877,0.293932923,11.41062681,0,20.66574551
2022,QUEENS,11385,1438,109111,1317.923949,77350,11.42780027,67.22970186,3.317722319,0.311609279,6.925974466,0,46.55534272
2022,QUEENS,11411,75,21605,347.1418653,108131,7.159317868,4.980328628,89.13214534,0,0.249942143,0,6.697523721
2022,QUEENS,11412,350,41782,837.6812982,93429,9.469565217,2.34790101,84.8571155,0.768273419,3.326791441,0.277631516,6.308936863
2022,QUEENS,11413,297,45661,650.4456757,104236,6.169606408,1.905345919,88.90300256,0.170824117,1.616258952,0,6.800113883
2022,QUEENS,11414,102,30915,329.9369238,86113,10.05557485,73.55005661,4.198609089,0.145560408,5.27252143,0,24.91347242
2022,QUEENS,11415,498,20351,2447.054199,80360,9.758951556,54.90147904,7.965210555,1.307061078,20.274188,0.049137635,23.6892536
2022,QUEENS,11416,225,27098,830.3195808,76477,13.72761801,24.19735774,5.472728615,0.535094841,33.22016385,0,45.82626024
2022,QUEENS,11417,255,33236,767.2403418,78498,13.48026105,28.76098207,8.529907329,0.330966422,30.38572632,0.024070285,36.98399326
2022,QUEENS,11418,544,38938,1397.092814,77708,9.440950986,32.51065797,9.22492167,1.060660537,24.4568288,0,40.24860034
2022,QUEENS,11419,568,50107,1133.574151,84245,9.318606098,7.637655417,13.78250544,0.999860299,35.59582493,0.109765103,19.50226515
2022,QUEENS,11420,614,51831,1184.619243,89027,9.435632608,11.22301325,24.67056395,1.547336536,33.57643109,0.206440161,22.9148579
2022,QUEENS,11421,654,42704,1531.472462,76721,10.14045906,32.27800674,6.123548145,0.337204946,18.00299738,0.154552267,59.56350693
2022,QUEENS,11422,272,34063,798.5203887,95945,8.164066333,8.114376303,79.97533981,0.728062707,4.294982826,0,9.608666295
2022,QUEENS,11423,528,30983,1704.160346,69386,14.12011592,14.00445406,34.31882,0.477681309,28.43172062,0,16.18306813
2022,QUEENS,11426,49,20959,233.78978,102818,5.866368286,29.17123909,7.104346581,0.16222148,43.43718689,0,20.09160742
2022,QUEENS,11427,260,25890,1004.248745,84000,8.557089084,20.57937428,22.34453457,0.741599073,33.76593279,0,20.54074932
2022,QUEENS,11428,131,21184,618.3912387,83417,8.732931089,13.68957704,19.14652568,0.420128399,29.61669184,0,27.32250755
2022,QUEENS,11429,126,28643,439.8980554,89318,12.15199398,4.521174458,68.42160388,1.225430297,5.463813148,0,14.45030199
2022,QUEENS,11432,1700,64858,2621.110734,66246,11.79800839,16.05969965,16.39736039,1.08544821,43.74325449,0.137222856,21.52086096
2022,QUEENS,11433,507,41396,1224.756015,68801,15.73646276,3.997970818,57.9766161,1.611266789,16.53299836,0.021741231,13.91197217
2022,QUEENS,11434,672,66424,1011.682524,66546,12.75152713,4.064795857,79.88227147,0.394435746,3.247320246,0,10.61815007
2022,QUEENS,11435,892,60842,1466.092502,71346,14.86238532,16.49518425,25.05012984,0.823444331,21.47200947,0,31.09529601
2022,QUEENS,11436,173,21248,814.1942771,78306,10.44087491,3.223832831,60.74454066,0.597703313,7.840737952,0,13.56362952
2022,QUEENS,11691,1619,70797,2286.820063,54877,24.7728537,32.70901309,44.33379945,0.309335141,4.305267172,0.053674591,24.5773126
2022,QUEENS,11692,470,24639,1907.544949,53498,18.40696951,19.81411583,56.00064938,0.190754495,5.710459028,0,24.69256057
2022,QUEENS,11693,146,14147,1032.020923,64688,14.83735971,60.16823355,21.94811621,0.275676822,2.933484131,0,29.74482222
2022,QUEENS,11694,445,22432,1983.773181,88643,12.63107722,81.30349501,5.969151213,0,2.380527817,0,16.72610556